"","X","REEEP","REB","UNEP_FI","Cworks","CAR","EnergyPlus","SE4ALL","EnLight","GPFLR","CCAC","GBEP","REN21","NYDF"
"1","ABN AMRO Bank",1,0,1,0,0,0,0,0,0,0,0,0,0
"2","ABPS Infrastructure Advisory",1,0,0,0,0,0,0,0,0,0,0,0,0
"3","Access Bank ",0,0,1,0,0,0,0,0,0,0,0,0,0
"4","Aceh Indonesia",0,0,0,0,0,0,0,0,0,0,0,0,1
"5","Achmea",0,0,1,0,0,0,0,0,0,0,0,0,0
"6","Acre",0,0,0,0,0,0,0,0,0,0,0,0,1
"7","Actis",0,0,1,0,0,0,0,0,0,0,0,0,0
"8","Addax Bioenergy Manement SA",0,1,0,0,0,0,0,0,0,0,0,0,0
"9","AEA Technology",1,0,0,0,0,0,0,0,0,0,0,0,0
"10","AEA_Albania Energy Association",1,0,0,0,0,0,0,0,0,0,0,0,0
"11","AEAEE",1,0,0,0,0,0,0,0,0,0,0,0,0
"12","AEGON ",0,0,1,0,0,0,0,0,0,0,0,0,0
"13","AFREPREN_FWD",1,0,0,0,0,0,0,0,0,0,0,0,0
"14","African Development Bank (AfDB)",1,0,0,0,0,0,0,0,0,0,0,0,0
"15","African Forum for Utility Regulators",1,0,0,0,0,0,0,0,0,0,0,0,0
"16","AHEAD Energy Corporation",1,0,0,0,0,0,0,0,0,0,0,0,0
"17","Aioi Nissay Dowa Insurance Company",0,0,1,0,0,0,0,0,0,0,0,0,0
"18","Airbus",0,1,0,0,0,0,0,0,0,0,0,0,0
"19","Alliance for Rural Electrificaiton (ARE)",0,0,0,0,0,0,0,0,0,0,0,1,0
"20","Alliance To Save Energy",1,0,0,0,0,0,0,0,0,0,0,0,0
"21","Allianz",0,0,1,0,0,0,0,0,0,0,0,0,0
"22","Alpha Bank",0,0,1,0,0,0,0,0,0,0,0,0,0
"23","Altima New Energy Systems",1,0,0,0,0,0,0,0,0,0,0,0,0
"24","AMA Energy",1,0,0,0,0,0,0,0,0,0,0,0,0
"25","AMAN - Aliansi Masyarakat Adat Nusantara - Indigenous Peoples Alliance of the Archipelo (Indonesia)",0,0,0,0,0,0,0,0,0,0,0,0,1
"26","Amapa",0,0,0,0,0,0,0,0,0,0,0,0,1
"27","Amazonas",0,0,0,0,0,0,0,0,0,0,0,0,1
"28","American Council on Renewable Energy (ACORE)",1,0,0,0,0,0,0,0,0,0,0,1,0
"29","Amigos da Terra – Amazônia Brasileira",0,1,0,0,0,0,0,0,0,0,0,0,0
"30","Amundi",0,0,1,0,0,0,0,0,0,0,0,0,0
"31","Amyris",0,1,0,0,0,0,0,0,0,0,0,0,0
"32","Angola",1,0,0,0,0,0,0,0,0,0,0,0,0
"33","Apical Group Limited",0,0,0,0,0,0,0,0,0,0,0,0,1
"34","Appellate Tribunal for Electricity (India)",1,0,0,0,0,0,0,0,0,0,0,0,0
"35","Applied Environmental Research Foundation (AERF)",0,1,0,0,0,0,0,0,0,0,0,0,0
"36","Aquila Holding ",0,0,1,0,0,0,0,0,0,0,0,0,0
"37","ARC ",0,0,0,0,0,0,0,0,1,0,0,0,0
"38","Argentina",1,0,0,0,0,0,0,0,0,0,1,0,0
"39","Argentine No-till Farmers’ Association (Aapresid)",0,1,0,0,0,0,0,0,0,0,0,0,0
"40","Argonaut Services ",0,0,1,0,0,0,0,0,0,0,0,0,0
"41","ArtsonGreen Solutions Limited",1,0,0,0,0,0,0,0,0,0,0,0,0
"42","Asamblea Mixe para el Desarrollo Sostenible AC",0,0,0,0,0,0,0,0,0,0,0,0,1
"43","ASEAN Centre for Energy",1,0,0,0,0,0,0,0,0,0,0,0,0
"44","Ashden",1,0,0,0,0,0,0,0,0,0,0,0,0
"45","Asia Indigenous Women’s Network",0,0,0,0,0,0,0,0,0,0,0,0,1
"46","Asia Pulp and Paper",0,0,0,0,0,0,0,0,0,0,0,0,1
"47","Asian Development Bank (ADB)",0,0,0,0,0,0,0,0,0,0,0,1,0
"48","Asian ri",0,0,0,0,0,0,0,0,0,0,0,0,1
"49","ASN Bank",0,0,1,0,0,0,0,0,0,0,0,0,0
"50","Associated Labor Unions-Trade Union Congress of the Philippines (ALU-TUCP)",0,1,0,0,0,0,0,0,0,0,0,0,0
"51","Association of Generators with Renewable Energy",1,0,0,0,0,0,0,0,0,0,0,0,0
"52","ATKEPP",1,0,0,0,0,0,0,0,0,0,0,0,0
"53","ATLANTICLUX ",0,0,1,0,0,0,0,0,0,0,0,0,0
"54","Australia",1,0,0,0,0,0,0,1,0,1,0,0,0
"55","Australia and New Zealand Banking Group Limited (ANZ)",0,0,1,0,0,0,0,0,0,0,0,0,0
"56","Austria",1,0,0,0,0,0,0,0,0,0,0,0,0
"57","Aviva",0,0,1,0,0,0,0,0,0,0,0,0,0
"58","Avoided Deforestation Partners",0,0,0,0,0,0,0,0,0,0,0,0,1
"59","AXA - Group Manement Services",0,0,1,0,0,0,0,0,0,0,0,0,0
"60","Baker & McKenzie",1,0,0,0,0,0,0,0,0,0,0,0,0
"61","Banca Commerciala Romana",0,0,1,0,0,0,0,0,0,0,0,0,0
"62","Banco Bradesco ",0,0,1,0,0,0,0,0,0,0,0,0,0
"63","Banco Continental E.C.A.",0,0,1,0,0,0,0,0,0,0,0,0,0
"64","Banco de Desarollo de El Salvador (Bandesal)",0,0,1,0,0,0,0,0,0,0,0,0,0
"65","Banco de Galicia y Buenos Aires SA",0,0,1,0,0,0,0,0,0,0,0,0,0
"66","Banco de la Republica Oriental del Uruguay",0,0,1,0,0,0,0,0,0,0,0,0,0
"67","Banco de las Microfinanzas - Bancamia ",0,0,1,0,0,0,0,0,0,0,0,0,0
"68","Banco del Estado",0,0,1,0,0,0,0,0,0,0,0,0,0
"69","Banco General",0,0,1,0,0,0,0,0,0,0,0,0,0
"70","Banco Industrial e Comercial ",0,0,1,0,0,0,0,0,0,0,0,0,0
"71","Banco Itaú Holding Financeira ",0,0,1,0,0,0,0,0,0,0,0,0,0
"72","Banco Nacional de Comercio Exterior S.N.C. - Bancomext",0,0,1,0,0,0,0,0,0,0,0,0,0
"73","Banco Nacional de Desenvolvimento Economico e Social (BNDES)",0,0,1,0,0,0,0,0,0,0,0,0,0
"74","Banco Pichincha C.A.",0,0,1,0,0,0,0,0,0,0,0,0,0
"75","Banco Santander ",0,0,1,0,0,0,0,0,0,0,0,0,0
"76","Bancoldex - Banco de Comercio Exterior y Desarrollo Empresarial",0,0,1,0,0,0,0,0,0,0,0,0,0
"77","Bancolombia SA",0,0,1,0,0,0,0,0,0,0,0,0,0
"78","Bangkok Insurance Public Company Ltd",0,0,1,0,0,0,0,0,0,0,0,0,0
"79","Bangladesh",0,0,0,0,0,0,0,0,0,1,0,0,0
"80","Bangladesh Indigenous Peoples Network on Climate Change and Biodiversity (BIPNet)",0,0,0,0,0,0,0,0,0,0,0,0,1
"81","Bank bjb",0,0,1,0,0,0,0,0,0,0,0,0,0
"82","Bank Muscat (SO)",0,0,1,0,0,0,0,0,0,0,0,0,0
"83","Bank of America Merrill Lynch",0,0,1,0,0,0,0,0,0,0,0,0,0
"84","Bank of Montreal",0,0,1,0,0,0,0,0,0,0,0,0,0
"85","Bank of Taizhou Ltd",0,0,1,0,0,0,0,0,0,0,0,0,0
"86","Barclays",0,0,1,0,0,0,0,0,0,0,0,0,1
"87","Bariloche Foundation",1,0,0,0,0,0,0,0,0,0,0,0,0
"88","Bayern LB",0,0,1,0,0,0,0,0,0,0,0,0,0
"89","BBVA Group",0,0,1,0,0,0,0,0,0,0,0,0,0
"90","Be World Foundation",1,0,0,0,0,0,0,0,0,0,0,0,0
"91","Beijing Jike New Tech Development Company (Beijing Jike Co.)",1,0,0,0,0,0,0,0,0,0,0,0,0
"92","Belgium",0,0,0,0,0,0,0,0,0,0,0,0,1
"93","Benin",0,0,0,0,0,0,0,0,0,1,0,0,0
"94","Bentall Kennedy",0,0,1,0,0,0,0,0,0,0,0,0,0
"95","Bianca Jagger Human Rights Foundation",0,0,0,0,0,0,0,0,0,0,0,0,1
"96","BIO CDM",1,0,0,0,0,0,0,0,0,0,0,0,0
"97","Biofuel Weiss",0,1,0,0,0,0,0,0,0,0,0,0,0
"98","Birdlife International",0,0,0,0,0,0,0,0,0,0,0,0,1
"99","Black Sea Energy Research Centre (BSERC)",1,0,0,0,0,0,0,0,0,0,0,0,0
"100","Blyth Star Enterprises",1,0,0,0,0,0,0,0,0,0,0,0,0
"101","BMCE Bank",0,0,1,0,0,0,0,0,0,0,0,0,0
"102","BNP Paribas",0,0,1,0,0,0,0,0,0,0,0,0,0
"103","Boeing",0,1,0,0,0,0,0,0,0,0,0,0,0
"104","Bolivia",1,0,0,0,0,0,0,0,0,0,0,0,0
"105","Boston Common Asset Management",0,0,0,0,0,0,0,0,0,0,0,0,1
"106","BP",1,0,0,0,0,0,0,0,0,0,0,0,0
"107","Brazil",1,0,0,0,0,0,0,0,0,0,1,1,0
"108","Brazilian Foundation of America",1,0,0,0,0,0,0,0,0,0,0,0,0
"109","Brazilian Sugarcane Industry Association (UNICA)",0,1,0,0,0,0,0,0,0,0,0,0,0
"110","Bright Green Energy Foundation",1,0,0,0,0,0,0,0,0,0,0,0,0
"111","Bundesverband der deutschen Bioethanolwirtschat BDBe (German Bioethanol Industry Association)",0,1,0,0,0,0,0,0,0,0,0,0,0
"112","Burkina Faso",0,0,0,0,0,0,0,0,0,0,0,0,1
"113","Business Machines Tanzania Limited",1,0,0,0,0,0,0,0,0,0,0,0,0
"114","CADPI - El Centro para la Autonomía y Desarrollo de los Pueblos Indígenas/The Center for Autonomy and Development of Indigenous Peoples",0,0,0,0,0,0,0,0,0,0,0,0,1
"115","Caisse des Dépôts",0,0,1,0,0,0,0,0,0,0,0,0,0
"116","Caixa Geral de Depositos SA",0,0,1,0,0,0,0,0,0,0,0,0,0
"117","California",0,0,0,0,1,0,0,0,0,0,0,0,1
"118","CalPERS",0,0,1,0,0,0,0,0,0,0,0,0,0
"119","Calvert Investment Manement",0,0,1,0,0,0,0,0,0,0,0,0,1
"120","Campeche",0,0,0,0,0,0,0,0,0,0,0,0,1
"121","Canada",1,0,0,0,0,0,0,0,0,1,1,0,1
"122","Canadian Association for Renewable Energies",1,0,0,0,0,0,0,0,0,0,0,0,0
"123","Canadian Energy Efficiency Alliance (CEEA)",1,0,0,0,0,0,0,0,0,0,0,0,0
"124","Canadian Imperial Bank of Commerce (CIBC)",0,0,1,0,0,0,0,0,0,0,0,0,0
"125","Canyon Consultancy Pvt",1,0,0,0,0,0,0,0,0,0,0,0,0
"126","Carbery Housing Association",1,0,0,0,0,0,0,0,0,0,0,0,0
"127","Carbon Disclosure Project (CDP)",0,0,0,0,0,0,0,0,0,0,0,0,1
"128","Carbon Futures Inc",1,0,0,0,0,0,0,0,0,0,0,0,0
"129","Carbon International",1,0,0,0,0,0,0,0,0,0,0,0,0
"130","Carbonsense",1,0,0,0,0,0,0,0,0,0,0,0,0
"131","CARE",0,0,0,0,0,0,0,0,1,0,0,0,0
"132","CARE Electric Energia",1,0,0,0,0,0,0,0,0,0,0,0,0
"133","CARE USA",0,0,0,0,0,0,0,0,0,0,0,0,1
"134","Cargill",0,0,0,0,0,0,0,0,0,0,0,0,1
"135","CARICOM",1,0,0,0,0,0,0,0,0,0,0,0,0
"136","CAT Projects",1,0,0,0,0,0,0,0,0,0,0,0,0
"137","Catalonia",0,0,0,0,0,0,0,0,0,0,0,0,1
"138","CDIFEEH INC",1,0,0,0,0,0,0,0,0,0,0,0,0
"139","CDM Africa Climate Solutions Pty",1,0,0,0,0,0,0,0,0,0,0,0,0
"140","Center for Education and Raising Awareness of Energy Efficiency",1,0,0,0,0,0,0,0,0,0,0,0,0
"141","Center for Empowerment and Development",0,1,0,0,0,0,0,0,0,0,0,0,0
"142","Center for Energy and Environmental Security_University of Colorado School of Law",1,0,0,0,0,0,0,0,0,0,0,0,0
"143","Center for Energy_CDM and Environment",1,0,0,0,0,0,0,0,0,0,0,0,0
"144","Center for International Forest Research (CIFOR)",0,0,0,0,0,0,0,0,1,0,0,0,0
"145","Center for Renewable Energy Development (China)",1,0,0,0,0,0,0,0,0,0,0,0,0
"146","Center for Resource Solutions",1,0,0,0,0,0,0,0,0,0,0,0,0
"147","Center for Sustainable Energy Technology",1,0,0,0,0,0,0,0,0,0,0,0,0
"148","Central African Republic",0,0,0,0,0,0,0,0,0,1,0,0,0
"149","Central Kalimantan",0,0,0,0,0,0,0,0,0,0,0,0,1
"150","Centre de Developpement des Energies Renouvelables",1,0,0,0,0,0,0,0,0,0,0,0,0
"151","Centre for Research and Action on Developing Locales_Regions and Environment",1,0,0,0,0,0,0,0,0,0,0,0,0
"152","Centre of Research and Development in Upland Area (CERDA)",0,0,0,0,0,0,0,0,0,0,0,0,1
"153","Certification Europe",1,0,0,0,0,0,0,0,0,0,0,0,0
"154","Challoch Energy",1,0,0,0,0,0,0,0,0,0,0,0,0
"155","Chhattisgarh Biofuel Development Authority (CBDA)",1,0,0,0,0,0,0,0,0,0,0,0,0
"156","Chiapas",0,0,0,0,0,0,0,0,0,0,0,0,1
"157","Chile",1,0,0,0,0,0,0,0,0,1,0,0,1
"158","China",0,0,0,0,0,0,0,0,1,0,1,0,0
"159","China Architecture Design and Research Group",1,0,0,0,0,0,0,0,0,0,0,0,0
"160","China Development Bank",0,0,1,0,0,0,0,0,0,0,0,0,0
"161","China Merchants Bank CO.LTD",0,0,1,0,0,0,0,0,0,0,0,0,0
"162","China National Engineering Research Center for Human Settlements",1,0,0,0,0,0,0,0,0,0,0,0,0
"163","China Sustainable Energy Program",0,0,0,1,0,0,0,0,0,0,0,0,0
"164","Chinese Renewable Energy Industry Association (CREIA)",1,0,0,0,0,0,0,0,0,0,0,1,0
"165","Chirapaq- Centro de Culturas Indígenas del Perú",0,0,0,0,0,0,0,0,0,0,0,0,1
"166","Christian Development Organization",1,0,0,0,0,0,0,0,0,0,0,0,0
"167","CIAM - Consejo Interregional Amazonico (Peru)",0,0,0,0,0,0,0,0,0,0,0,0,1
"168","CIBanco ",0,0,1,0,0,0,0,0,0,0,0,0,0
"169","CINER - Centro de Informacion en Energias Renovables",1,0,0,0,0,0,0,0,0,0,0,0,0
"170","Citigroup",0,0,1,0,0,0,0,0,0,0,0,0,0
"171","City Planning and Development Office (Cebu City Government)",0,1,0,0,0,0,0,0,0,0,0,0,0
"172","Clarke Energy Associates",1,0,0,0,0,0,0,0,0,0,0,0,0
"173","Clarmondial",0,0,0,0,0,0,0,0,0,0,0,0,1
"174","Claros Consulting Pty",1,0,0,0,0,0,0,0,0,0,0,0,0
"175","Clean Energy Council (CEC)",0,0,0,0,0,0,0,0,0,0,0,1,0
"176","ClearBridge Investments",0,0,1,0,0,0,0,0,0,0,0,0,0
"177","Climate and Land Use Alliance",0,0,0,1,0,0,0,0,0,0,0,0,0
"178","Climate Change Coordination Centre",1,0,0,0,0,0,0,0,0,0,0,0,0
"179","Climate Change Solutions",1,0,0,0,0,0,0,0,0,0,0,0,0
"180","Climate Works",0,0,0,1,0,0,0,0,0,0,0,0,0
"181","Code REDD Campaign",0,0,0,0,0,0,0,0,0,0,0,0,1
"182","COGEN Europe",1,0,0,0,0,0,0,0,0,0,0,0,0
"183","COICA - Coordinadora de las Organizaciones Indígenas de la Cuenca Amazónica/Coordinator of Indigenous Organizations of the Amazon River Basin",0,0,0,0,0,0,0,0,0,0,0,0,1
"184","Collaborative Labeling and Appliance Standards Program (CLASP)",0,0,0,1,0,0,0,0,0,0,0,0,0
"185","Colombia",0,0,0,0,0,0,0,0,0,1,1,0,1
"186","Colombian Council for Energy Efficiency (CCEE)",1,0,0,0,0,0,0,0,0,0,0,0,0
"187","Commercial Bank of Africa",0,0,1,0,0,0,0,0,0,0,0,0,0
"188","Commission for the Verification of Codes of Conduct",0,1,0,0,0,0,0,0,0,0,0,0,0
"189","Commonwealth Bank of Australia",0,0,1,0,0,0,0,0,0,0,0,0,0
"190","Commonwealth Scientific and Industrial Research Organisation (CSIRO)",0,1,0,0,0,0,0,0,0,0,0,0,0
"191","Community CPS Australia Ltd",0,0,1,0,0,0,0,0,0,0,0,0,0
"192","Community Research and Development Services (CORDS) ",1,0,0,0,0,0,0,0,0,0,0,0,1
"193","Confederation of China Bioenergy",0,1,0,0,0,0,0,0,0,0,0,0,0
"194","Confederation of Indian Industry",1,0,0,0,0,0,0,0,0,0,0,0,0
"195","ConPlusUltra",1,0,0,0,0,0,0,0,0,0,0,0,0
"196","Consolidated Energy Consultants",1,0,0,0,0,0,0,0,0,0,0,0,0
"197","Construction Art",1,0,0,0,0,0,0,0,0,0,0,0,0
"198","CONTINENTAL REINSURANCE ",0,0,1,0,0,0,0,0,0,0,0,0,0
"199","Convention on Biological Diversity (CBD)",0,0,0,0,0,0,0,0,1,0,0,0,0
"200","Convention on Biological Diversity Secretariat",0,1,0,0,0,0,0,0,0,0,0,0,0
"201","Cool NRG International",1,0,0,0,0,0,0,0,0,0,0,0,0
"202","Corporación Andina de Fomento (CAF)",0,0,1,0,0,0,0,0,0,0,0,0,0
"203","Corporacion Financiera de Desarrollo ",0,0,1,0,0,0,0,0,0,0,0,0,0
"204","Corporacion Financiera Nacional",0,0,1,0,0,0,0,0,0,0,0,0,0
"205","Corporacion Para la Investigacion Energetica (CIE)(Ecuador)",1,0,0,0,0,0,0,0,0,0,0,0,0
"206","Cosmo Biofuels Group (represented by Cosmo Biofuels Sdn Bhd)",0,1,0,0,0,0,0,0,0,0,0,0,0
"207","Costa Rica",0,0,0,0,0,0,0,0,0,0,0,0,1
"208","Cote d'Ivoire",0,0,0,0,0,0,0,0,0,1,0,0,1
"209","Council for Renewable Energy in Nigeria (CREN)",1,0,0,0,0,0,0,0,0,0,0,0,0
"210","Crèdit Andorrà",0,0,1,0,0,0,0,0,0,0,0,0,0
"211","Credit Suisse",0,0,1,0,0,0,0,0,0,0,0,0,0
"212","Croatia",1,0,0,0,0,0,0,0,0,0,0,0,0
"213","Croatian Bank for Reconstruction and Development (HBOR)",0,0,1,0,0,0,0,0,0,0,0,0,0
"214","Cross River State",0,0,0,0,0,0,0,0,0,0,0,0,1
"215","CTSEMBARQ (Mexico)",1,0,0,0,0,0,0,0,0,0,0,0,0
"216","CURES /Mali Folkecenter",0,0,0,0,0,0,0,0,0,0,0,1,0
"217","Custodian and Allied ",0,0,1,0,0,0,0,0,0,0,0,0,0
"218","d.light design",1,0,0,0,0,0,0,0,0,0,0,0,0
"219","DAI",1,0,0,0,0,0,0,0,0,0,0,0,0
"220","Dalmia Electrodyn Technologies",1,0,0,0,0,0,0,0,0,0,0,0,0
"221","Danone",0,0,0,0,0,0,0,0,0,0,0,0,1
"222","Danske Bank",0,0,1,0,0,0,0,0,0,0,0,0,0
"223","Deepaksshi Display Devices Pvt",1,0,0,0,0,0,0,0,0,0,0,0,0
"224","Delhaize",0,0,0,0,0,0,0,0,0,0,0,0,1
"225","Delta Lloyd",0,0,1,0,0,0,0,0,0,0,0,0,0
"226","Democratic Republic of the Congo",0,0,0,0,0,0,0,0,0,0,0,0,1
"227","Denmark",0,0,0,0,0,0,0,0,0,1,0,1,1
"228","Desarrollo Sostenible Amazonico SRL (Amazonian Sustainable Development LLC)",1,0,0,0,0,0,0,0,0,0,0,0,0
"229","Desjardins Group",0,0,1,0,0,0,0,0,0,0,0,0,0
"230","Deutsche Bank",0,0,1,0,0,0,0,0,0,0,0,0,1
"231","Development Bank of Japan ",0,0,1,0,0,0,0,0,0,0,0,0,0
"232","Development Bank of Southern Africa (DBSA)",0,0,1,0,0,0,0,0,0,0,0,0,0
"233","Development Bank of the Philippines",0,0,1,0,0,0,0,0,0,0,0,0,0
"234","DFX Systems Pvt",1,0,0,0,0,0,0,0,0,0,0,0,0
"235","DGB Financial Group",0,0,1,0,0,0,0,0,0,0,0,0,0
"236","Digital Energy Solutions",1,0,0,0,0,0,0,0,0,0,0,0,0
"237","Dignité Pygmée (DIPY)",0,0,0,0,0,0,0,0,0,0,0,0,1
"238","DNB",0,0,1,0,0,0,0,0,0,0,0,0,0
"239","Dominican Republic",0,0,0,0,0,0,0,0,0,1,0,0,1
"240","Dynamic Energy and Environment in DR Congo",1,0,0,0,0,0,0,0,0,0,0,0,0
"241","Earth Capital Partners",0,0,1,0,0,0,0,0,0,0,0,0,0
"242","Earth Innovation Institute",0,0,0,0,0,0,0,0,0,0,0,0,1
"243","EC3 Global",1,0,0,0,0,0,0,0,0,0,0,0,0
"244","Ecco Electronics Pvt",1,0,0,0,0,0,0,0,0,0,0,0,0
"245","ECMIA - Enlace Continental de Mujeres Indígenas de las Américas/Continental Network of Indigenous Women of the Americas",0,0,0,0,0,0,0,0,0,0,0,0,1
"246","Eco",1,0,0,0,0,0,0,0,0,0,0,0,0
"247","Ecobank Transnational Incorporated",0,0,1,0,0,0,0,0,0,0,0,0,0
"248","Ecofys",1,0,0,0,0,0,0,0,0,0,0,0,0
"249","Ecologica Institute (EI)",1,0,0,0,0,0,0,0,0,0,0,0,0
"250","Ecological Footprint Network",0,0,0,0,0,0,0,0,0,0,0,0,1
"251","Ecological Society of the Philippines",0,0,0,0,0,0,0,0,0,0,0,0,1
"252","Econoler",1,0,0,0,0,0,0,0,0,0,0,0,0
"253","Economic Community of West African States (ECOWAS)",0,0,0,0,0,0,0,0,0,0,1,0,0
"254","Ecosoluzioni",1,0,0,0,0,0,0,0,0,0,0,0,0
"255","ecosur afrique",1,0,0,0,0,0,0,0,0,0,0,0,0
"256","Efficient Lighting Initiative_ELI Quality Certification Institute",1,0,0,0,0,0,0,0,0,0,0,0,0
"257","El Salvador",0,0,0,0,0,0,0,0,1,0,0,0,0
"258","Electricity Valley New Energy Research Center Baoding New and High-Tech Zone",1,0,0,0,0,0,0,0,0,0,0,0,0
"259","Electronics Gram Othan Samiti",1,0,0,0,0,0,0,0,0,0,0,0,0
"260","Elephant Energy",1,0,0,0,0,0,0,0,0,0,0,0,0
"261","Elsen Energy Associates",1,0,0,0,0,0,0,0,0,0,0,0,0
"262","Emerging Power Partners",1,0,0,0,0,0,0,0,0,0,0,0,0
"263","Enabling Access to Sustainable Energy",1,0,0,0,0,0,0,0,0,0,0,0,0
"264","Energy and Development Group (EDG)",1,0,0,0,0,0,0,0,0,0,0,0,0
"265","Energy and Environmental Development Research Center",1,0,0,0,0,0,0,0,0,0,0,0,0
"266","Energy and Security Group",1,0,0,0,0,0,0,0,0,0,0,0,0
"267","Energy and Sustainable Development in Africa (ESDA)",1,0,0,0,0,0,0,0,0,0,0,0,0
"268","Energy Biosciences Institute",0,1,0,0,0,0,0,0,0,0,0,0,0
"269","Energy Carbon Performance SAS",1,0,0,0,0,0,0,0,0,0,0,0,0
"270","Energy for Sustainable Development Limited",1,0,0,0,0,0,0,0,0,0,0,0,0
"271","Energy Manement Center of the Government of Kerala",1,0,0,0,0,0,0,0,0,0,0,0,0
"272","Energy Research Austria",1,0,0,0,0,0,0,0,0,0,0,0,0
"273","Energy Research Institute of National Development and Reform Commission (ECIDC)",1,0,0,0,0,0,0,0,0,0,0,0,0
"274","Energy Resources Manement",1,0,0,0,0,0,0,0,0,0,0,0,0
"275","EnergyPro (Fiji)",1,0,0,0,0,0,0,0,0,0,0,0,0
"276","ennovent",1,0,0,0,0,0,0,0,0,0,0,0,0
"277","Ennovor Biofuels",0,1,0,0,0,0,0,0,0,0,0,0,0
"278","Environmental Defense Fund (EDF)",0,0,0,0,0,0,0,0,0,0,0,0,1
"279","Environmental Information Network of Africa",1,0,0,0,0,0,0,0,0,0,0,0,0
"280","Environmental Investment Partners",1,0,0,0,0,0,0,0,0,0,0,0,0
"281","Environmental Protection and Manement Services",1,0,0,0,0,0,0,0,0,0,0,0,0
"282","EplusCo",1,0,0,0,0,0,0,0,0,0,0,0,0
"283","EPS Capital Corp.",1,0,0,0,0,0,0,0,0,0,0,0,0
"284","ERF ",0,0,0,0,0,0,0,0,1,0,0,0,0
"285","Ethiopia",0,0,0,0,0,0,0,0,0,1,0,0,1
"286","EUFORES - European Forum for Renewable Energy Sources",1,0,0,0,0,0,0,0,0,0,0,0,0
"287","EUROBANK ERGASIAS SA",0,0,1,0,0,0,0,0,0,0,0,0,0
"288","European-Ukrainian Energy ency",1,0,0,0,0,0,0,0,0,0,0,0,0
"289","European Alliance of Companies for Energy Efficiency in Buildings (EuroACE)",1,0,0,0,0,0,0,0,0,0,0,0,0
"290","European Bank for Reconstruction and Development (EBRD)",0,0,1,0,0,0,0,0,0,0,0,0,0
"291","European Biomass Industry Association (EUBIA)",0,0,0,0,0,0,0,0,0,0,1,0,0
"292","European Climate Foundation",0,0,0,1,0,0,0,0,0,0,0,0,0
"293","European Commission",1,0,0,0,0,0,0,0,0,1,1,1,0
"294","European Copper Institute",1,0,0,0,0,0,0,0,0,0,0,0,0
"295","European Insulation Manufacturers Association (EURIMA)",1,0,0,0,0,0,0,0,0,0,0,0,0
"296","European Renewable Energy Council (EREC)",1,0,0,0,0,0,0,0,0,0,0,1,0
"297","European Union",0,0,0,0,0,0,0,0,0,0,0,0,1
"298","Export Development Canada",0,0,1,0,0,0,0,0,0,0,0,0,0
"299","Export Finance and Insurance Corporation (EFIC)",0,0,1,0,0,0,0,0,0,0,0,0,0
"300","F Investments ",0,0,1,0,0,0,0,0,0,0,0,0,0
"301","FandC REIT Asset Manement",0,0,1,0,0,0,0,0,0,0,0,0,0
"302","Fantsuam Foundation",1,0,0,0,0,0,0,0,0,0,0,0,0
"303","Farm Africa",0,0,0,0,0,0,0,0,0,0,0,0,1
"304","Farm Dynamics Pakistan (Pvt)",1,0,0,0,0,0,0,0,0,0,0,0,0
"305","Farmer's Life Improvement and Future Light Youth Organization",1,0,0,0,0,0,0,0,0,0,0,0,0
"306","FATUM Schadeverzekering ",0,0,1,0,0,0,0,0,0,0,0,0,0
"307","Fidelity Bank ",0,0,1,0,0,0,0,0,0,0,0,0,0
"308","Fiji",0,0,0,0,0,0,0,0,0,0,1,0,0
"309","Financiera America SA",0,0,1,0,0,0,0,0,0,0,0,0,0
"310","Financiera Rural",0,0,1,0,0,0,0,0,0,0,0,0,0
"311","Findeter",0,0,1,0,0,0,0,0,0,0,0,0,0
"312","Finland",1,0,0,0,0,0,0,0,1,1,0,0,0
"313","Finpro",1,0,0,0,0,0,0,0,0,0,0,0,0
"314","Fiorello H. LaGuardia Foundation (LGF)",1,0,0,0,0,0,0,0,0,0,0,0,0
"315","FIRA-Banco de Mexico",0,0,1,0,0,0,0,0,0,0,0,0,0
"316","FirstRand Group Limited",0,0,1,0,0,0,0,0,0,0,0,0,0
"317","Food and Agricultural Organization of the United Nations (FAO)",0,1,0,0,0,0,0,0,1,0,1,0,0
"318","Forest Ethics",0,0,0,0,0,0,0,0,0,0,0,0,1
"319","Forest Heroes",0,0,0,0,0,0,0,0,0,0,0,0,1
"320","Forest Sciences Center of Catalonia (CFTC)",0,0,0,0,0,0,0,0,0,0,0,0,1
"321","Forest Trends",0,0,0,0,0,0,0,0,0,0,0,0,1
"322","FORIG ",0,0,0,0,0,0,0,0,1,0,0,0,0
"323","France",1,0,0,0,0,0,0,0,0,1,1,0,1
"324","Fundacion Social",0,0,1,0,0,0,0,0,0,0,0,0,0
"325","Fundacion Solar",1,0,0,0,0,0,0,0,0,0,0,0,0
"326","Fundmore Merchant Bank",1,0,0,0,0,0,0,0,0,0,0,0,0
"327","Gansu Natural Energy Research Institute",1,0,0,0,0,0,0,0,0,0,0,0,0
"328","Garanti Bank",0,0,1,0,0,0,0,0,0,0,0,0,0
"329","Garrad Hassan",1,0,0,0,0,0,0,0,0,0,0,0,0
"330","GEIST",1,0,0,0,0,0,0,0,0,0,0,0,0
"331","Genencor/Danisco",0,1,0,0,0,0,0,0,0,0,0,0,0
"332","General Mills",0,0,0,0,0,0,0,0,0,0,0,0,1
"333","Geoecology Energy Organisation (GEO)",1,0,0,0,0,0,0,0,0,0,0,0,0
"334","GERES",1,0,0,0,0,0,0,0,0,0,0,0,0
"335","Germany",1,0,0,0,0,0,0,0,0,1,1,1,1
"336","Gertek Group",1,0,0,0,0,0,0,0,0,0,0,0,0
"337","GET Information Technology",1,0,0,0,0,0,0,0,0,0,0,0,0
"338","Gevo",0,1,0,0,0,0,0,0,0,0,0,0,0
"339","Ghana",1,0,0,0,0,0,0,0,1,1,1,0,0
"340","Ghana Energy Foundation",1,0,0,0,0,0,0,0,0,0,0,0,0
"341","GIC CADIRE",1,0,0,0,0,0,0,0,0,0,0,0,0
"342","Global Bank Corporation",0,0,1,0,0,0,0,0,0,0,0,0,0
"343","Global Buildings Performance Network",0,0,0,1,0,0,0,0,0,0,0,0,0
"344","Global Canopy Programme",0,0,0,0,0,0,0,0,0,0,0,0,1
"345","Global Clean Energy",0,1,0,0,0,0,0,0,0,0,0,0,0
"346","Global Climate Balance",1,0,0,0,0,0,0,0,0,0,0,0,0
"347","Global Environmental Facility (GEF)",0,0,0,0,0,0,0,1,0,0,0,1,0
"348","Global Forum on Sustaianable Energy (GFSE)",0,0,0,0,0,0,0,0,0,0,0,1,0
"349","Global Mechanism for the UN Convention to Combat Desertification",0,0,0,0,0,0,0,0,1,0,0,0,0
"350","Global Renewable Energy and Power Incorporated",1,0,0,0,0,0,0,0,0,0,0,0,0
"351","Global Sustainable Energy Solutions",1,0,0,0,0,0,0,0,0,0,0,0,0
"352","Global Wind Energy Council (GWEC)",1,0,0,0,0,0,0,0,0,0,0,1,0
"353","Golden ri-Resources",0,0,0,0,0,0,0,0,0,0,0,0,1
"354","GoldWind Science and Technology",1,0,0,0,0,0,0,0,0,0,0,0,0
"355","Good Bankers Co. ",0,0,1,0,0,0,0,0,0,0,0,0,0
"356","GoSolarAfrica",1,0,0,0,0,0,0,0,0,0,0,0,0
"357","Gram Oorja Solutions PvT",1,0,0,0,0,0,0,0,0,0,0,0,0
"358","Great Plains",0,1,0,0,0,0,0,0,0,0,0,0,0
"359","Green Markets International",1,0,0,0,0,0,0,0,0,0,0,0,0
"360","Green O Lite (India) Technologies Pvt.",1,0,0,0,0,0,0,0,0,0,0,0,0
"361","Green Power Labs",1,0,0,0,0,0,0,0,0,0,0,0,0
"362","Green Aviation",0,1,0,0,0,0,0,0,0,0,0,0,0
"363","GreenCollar Climate Solutions",1,0,0,0,0,0,0,0,0,0,0,0,0
"364","Greenergy Renewables Pvt ltd",1,0,0,0,0,0,0,0,0,0,0,0,0
"365","Greening Australia",1,0,0,0,0,0,0,0,0,0,0,0,0
"366","Greenpeace",0,0,0,0,0,0,0,0,0,0,0,1,0
"367","Greenstratos Consulting Private Limited",1,0,0,0,0,0,0,0,0,0,0,0,0
"368","GreenWood Tree Farm Fund",0,1,0,0,0,0,0,0,0,0,0,0,0
"369","Grupo Bimbo",0,0,0,0,0,0,0,0,0,0,0,0,1
"370","Grupo Financiero Banorte_B. de C.V.",0,0,1,0,0,0,0,0,0,0,0,0,0
"371","Guaranty Trust Bank ",0,0,1,0,0,0,0,0,0,0,0,0,0
"372","Guatemala",1,0,0,0,0,0,0,0,0,0,0,0,0
"373","Guatemala Renewable Fuels Association",0,1,0,0,0,0,0,0,0,0,0,0,0
"374","Guyana",0,0,0,0,0,0,0,0,0,0,0,0,1
"375","Hana Bank",0,0,1,0,0,0,0,0,0,0,0,0,0
"376","Hawaii Biofuels Foundation",0,1,0,0,0,0,0,0,0,0,0,0,0
"377","Heliae",0,1,0,0,0,0,0,0,0,0,0,0,0
"378","Helm Bank ",0,0,1,0,0,0,0,0,0,0,0,0,0
"379","Helvetia",0,0,1,0,0,0,0,0,0,0,0,0,0
"380","Henderson Global Investors",0,0,1,0,0,0,0,0,0,0,0,0,0
"381","Hermes Investment Manement",0,0,1,0,0,0,0,0,0,0,0,0,0
"382","Hesse Newman Capital ",0,0,1,0,0,0,0,0,0,0,0,0,0
"383","Hong Kong",1,0,0,0,0,0,0,0,0,0,0,0,0
"384","HSBC",0,0,1,0,0,0,0,0,0,0,0,0,0
"385","HSH Nordbank ",0,0,1,0,0,0,0,0,0,0,0,0,0
"386","Huanuco",0,0,0,0,0,0,0,0,0,0,0,0,1
"387","Hungary",1,0,0,0,0,0,0,0,0,0,0,0,0
"388","Hyperion Green Energy India Pvt.",1,0,0,0,0,0,0,0,0,0,0,0,0
"389","Hyundai Marine and Fire Insurance Co. ",0,0,1,0,0,0,0,0,0,0,0,0,0
"390","ICECAP",1,0,0,0,0,0,0,0,0,0,0,0,0
"391","ICEED",1,0,0,0,0,0,0,0,0,0,0,0,0
"392","Iceland",1,0,0,0,0,0,0,0,0,0,0,0,0
"393","ICF Consulting India Private Limited",1,0,0,0,0,0,0,0,0,0,0,0,0
"394","ICF International",1,0,0,0,0,0,0,0,0,0,0,0,0
"395","IDESAM",0,0,0,0,0,0,0,0,0,0,0,0,1
"396","IDLC Finance Limited",0,0,1,0,0,0,0,0,0,0,0,0,0
"397","ILZRO RAPS PERU",1,0,0,0,0,0,0,0,0,0,0,0,0
"398","IMAFLORA – Instituto de Manejo e Certificacao Florestal e ricola",0,0,0,0,0,0,0,0,0,0,0,0,1
"399","Imperial College London",1,0,0,0,0,0,0,0,0,0,0,0,0
"400","Imperium Renewables",0,1,0,0,0,0,0,0,0,0,0,0,0
"401","India",0,0,0,0,0,0,0,0,0,0,0,1,0
"402","Indian Institute of Social Welfare and Business Manement (IISWBM)",1,0,0,0,0,0,0,0,0,0,0,0,0
"403","Indian Renewable Energy Development ency Limited",1,0,0,0,0,0,0,0,0,0,0,0,0
"404","Indigenous Peoples Links (PIPLinks)",0,0,0,0,0,0,0,0,0,0,0,0,1
"405","Indigenous Peoples’ Global Partnership on Climate Change Forests and Sustainable Development",0,0,0,0,0,0,0,0,0,0,0,0,1
"406","Indira Gandhi Integral Education Centre",1,0,0,0,0,0,0,0,0,0,0,0,0
"407","Indonesia",1,0,0,0,0,0,0,0,0,0,0,0,1
"408","Industrial Bank",0,0,1,0,0,0,0,0,0,0,0,0,0
"409","Industrial Development Corporation (IDC)",0,0,1,0,0,0,0,0,0,0,0,0,0
"410","INEOS Bio SA",0,1,0,0,0,0,0,0,0,0,0,0,0
"411","Inergya Ingenieros SAC",1,0,0,0,0,0,0,0,0,0,0,0,0
"412","Inflection Point Capital Manement",0,0,1,0,0,0,0,0,0,0,0,0,0
"413","Infocast",1,0,0,0,0,0,0,0,0,0,0,0,0
"414","Infrastructure Development Company Limited (IDCOL)",1,0,0,0,0,0,0,0,0,0,0,0,0
"415","Infrastructure Leasing and Financial Services",0,0,1,0,0,0,0,0,0,0,0,0,0
"416","ING",0,0,1,0,0,0,0,0,0,0,0,0,0
"417","Innovation Center for Energy and Transportation",0,1,0,0,0,0,0,0,0,0,0,0,0
"418","Innovation Energie Developpement",1,0,0,0,0,0,0,0,0,0,0,0,0
"419","Institute for Industrial Productivity",0,0,0,1,0,0,0,0,0,0,0,0,0
"420","Institute for Market Transformation",1,0,0,0,0,0,0,0,0,0,0,0,0
"421","Institute for Sustainable Energy Policy (ISEP)",0,0,0,0,0,0,0,0,0,0,0,1,0
"422","Institute for Sustainable Power",1,0,0,0,0,0,0,0,0,0,0,0,0
"423","Institute for Transportation and Development Policy",1,0,0,1,0,0,0,0,0,0,0,0,0
"424","Insurance Australia Group Limited",0,0,1,0,0,0,0,0,0,0,0,0,0
"425","Intech Group",1,0,0,0,0,0,0,0,0,0,0,0,0
"426","INTEGRATED RURAL DEVELOPMENT ASSOCIATION OF NGANDA-TSUNDI",1,0,0,0,0,0,0,0,0,0,0,0,0
"427","INTEGRATION environment and energy ",1,0,0,0,0,0,0,0,0,0,0,0,0
"428","Inter-American Development Bank (IADB)",0,1,0,0,0,0,0,0,0,0,1,0,0
"429","Interamerican Hellenic Life Insurance Company SA",0,0,1,0,0,0,0,0,0,0,0,0,0
"430","Interfaith Center on Corporate Responsibility",0,0,0,0,0,0,0,0,0,0,0,0,1
"431","International Air Transport Association (IATA)",0,1,0,0,0,0,0,0,0,0,0,0,0
"432","International Biochar Initiative",1,0,0,0,0,0,0,0,0,0,0,0,0
"433","International Council on Clean Transportation",0,0,0,1,0,0,0,0,0,0,0,0,0
"434","International Development Enterprises",1,0,0,0,0,0,0,0,0,0,0,0,0
"435","International Energy Agency (IEA)",0,0,0,0,0,0,0,0,0,0,1,1,0
"436","International Financial Consulting ",1,0,0,0,0,0,0,0,0,0,0,0,0
"437","International Food Policy Research Institute (IFPRI)",0,1,0,0,0,0,0,0,0,0,0,0,0
"438","International Geothermal Association (IGA)",0,0,0,0,0,0,0,0,0,0,0,1,0
"439","International Hydrogen Association (IHA)",0,0,0,0,0,0,0,0,0,0,0,1,0
"440","International Institute for Applied Systems Analysis (IIASA)",0,0,0,0,0,0,0,0,0,0,0,1,0
"441","International Institute for Energy Conservation",1,0,0,0,0,0,0,0,0,0,0,0,0
"442","International Maritime Organization (IMO)",0,1,0,0,0,0,0,0,0,0,0,0,0
"443","International Model Forest Network (IMFN)",0,0,0,0,0,0,0,0,1,0,0,0,0
"444","International Network on Small Hydropower (IN-SHP)",1,0,0,0,0,0,0,0,0,0,0,0,0
"445","International Petroleum Industry Environmental Conservation Association (IPIECA)",0,1,0,0,0,0,0,0,0,0,0,0,0
"446","International Renewable Energy Agency (IRENA)",0,0,0,0,0,0,0,0,0,0,1,1,0
"447","International Solar Energy Society (ISES)",0,0,0,0,0,0,0,0,0,0,0,1,0
"448","International Tropical Timber Association (ITTO)",0,0,0,0,0,0,0,0,1,0,0,0,0
"449","International Union for Conservation of Nature (IUCN)",0,1,0,0,0,0,0,0,0,0,0,0,0
"450","International Union of Forest Research Organizations (IUFRO) ",0,0,0,0,0,0,0,0,1,0,0,0,0
"451","Intesa Sanpaolo",0,0,1,0,0,0,0,0,0,0,0,0,0
"452","Intrinergy",1,0,0,0,0,0,0,0,0,0,0,0,0
"453","Investa Property Group",0,0,1,0,0,0,0,0,0,0,0,0,0
"454","IPAM - Instituto de Pesquisa Ambiental da Amazônia/the Amazon Environmental Research Institute",0,0,0,0,0,0,0,0,0,0,0,0,1
"455","Ireland",1,0,0,0,0,0,0,0,0,1,0,0,0
"456","IRSEAD",1,0,0,0,0,0,0,0,0,0,0,0,0
"457","ISPQ-Europe ",1,0,0,0,0,0,0,0,0,0,0,0,0
"458","Israel",0,0,0,0,0,0,0,0,0,1,0,0,0
"459","IT Power",1,0,0,0,0,0,0,0,0,0,0,0,0
"460","Italy",1,0,0,0,0,0,0,0,1,1,1,0,0
"461","Jalpaiguri Akshay Rural Technology and Renewable Energy Entrepreneurship Development Centre",1,0,0,0,0,0,0,0,0,0,0,0,0
"462","Japan",1,0,0,0,0,0,0,0,1,1,1,0,1
"463","Japan Renewable Energy Foundation (JREF)",0,0,0,0,0,0,0,0,0,0,0,1,0
"464","Jatropha Sustainable Biofuels Alliance",0,1,0,0,0,0,0,0,0,0,0,0,0
"465","Jimpex Bio-technology",1,0,0,0,0,0,0,0,0,0,0,0,0
"466","Johnson & Johnson",0,0,0,0,0,0,0,0,0,0,0,0,1
"467","Johnson Controls",1,0,0,0,0,0,0,0,0,0,0,0,0
"468","JOil",0,1,0,0,0,0,0,0,0,0,0,0,0
"469","Jordan",0,0,0,0,0,0,0,0,0,1,0,0,0
"470","Kao Corporation",0,0,0,0,0,0,0,0,0,0,0,0,1
"471","Karnataka Renewable Energy Development",1,0,0,0,0,0,0,0,0,0,0,0,0
"472","Kateta People Living With HIV_AIDs",1,0,0,0,0,0,0,0,0,0,0,0,0
"473","KB Kookmin Bank",0,0,1,0,0,0,0,0,0,0,0,0,0
"474","KCB",0,0,1,0,0,0,0,0,0,0,0,0,0
"475","Kellogg’s",0,0,0,0,0,0,0,0,0,0,0,0,1
"476","Kemitraan",0,0,0,0,0,0,0,0,0,0,0,0,1
"477","Kenya",0,0,0,0,0,0,0,0,1,0,0,0,1
"478","Kenya Forestry Research Institute",0,1,0,0,0,0,0,0,0,0,0,0,0
"479","KfW Bankengruppe",0,0,1,0,0,0,0,0,0,0,0,0,0
"480","Kimminic Estates Limited",0,1,0,0,0,0,0,0,0,0,0,0,0
"481","Kirchner-Solar-Group",1,0,0,0,0,0,0,0,0,0,0,0,0
"482","KTM Business Systems Limited",1,0,0,0,0,0,0,0,0,0,0,0,0
"483","Kumasi Institute of Technology and Environment (KITE)",1,0,0,0,0,0,0,0,0,0,0,0,0
"484","Kyrgyzstan",1,0,0,0,0,0,0,0,0,0,0,0,0
"485","L'Oréal",0,0,0,0,0,0,0,0,0,0,0,0,1
"486","La Banque Postale",0,0,1,0,0,0,0,0,0,0,0,0,0
"487","La Compnie Financière Edmond de Rothschild",0,0,1,0,0,0,0,0,0,0,0,0,0
"488","Lambassa Institute of Cultural Affairs-Benin",1,0,0,0,0,0,0,0,0,0,0,0,0
"489","Land and ricultural Development Bank of South Africa",0,0,1,0,0,0,0,0,0,0,0,0,0
"490","Land Bank of the Philippines",0,0,1,0,0,0,0,0,0,0,0,0,0
"491","Landesbank Baden-Württemberg",0,0,1,0,0,0,0,0,0,0,0,0,0
"492","Landsbankinn (NBI hf.)",0,0,1,0,0,0,0,0,0,0,0,0,0
"493","LanzaTech",0,1,0,0,0,0,0,0,0,0,0,0,0
"494","LCG Energy Consultants Pvt.",1,0,0,0,0,0,0,0,0,0,0,0,0
"495","LEAD International",1,0,0,0,0,0,0,0,0,0,0,0,0
"496","Lebanon",0,0,0,0,0,0,0,0,1,0,0,0,0
"497","Lend Lease",0,0,1,0,0,0,0,0,0,0,0,0,0
"498","LG Electronics ",1,0,0,0,0,0,0,0,0,0,0,0,0
"499","Liberia",0,0,0,0,0,0,0,0,0,1,0,0,1
"500","Light4all Cameroun",1,0,0,0,0,0,0,0,0,0,0,0,0
"501","Literates Welfare Association (LAW)",1,0,0,0,0,0,0,0,0,0,0,0,0
"502","Lithuania",0,0,0,0,0,0,0,0,0,0,0,0,1
"503","LiveFuels",0,1,0,0,0,0,0,0,0,0,0,0,0
"504","Lloyds",0,0,1,0,0,0,0,0,0,0,0,0,1
"505","Local Governments for Sustainability (ICLEI)",1,0,0,0,0,0,0,0,0,0,0,1,0
"506","LOG`EL Project",1,0,0,0,0,0,0,0,0,0,0,0,0
"507","Lombard Odier Darier Hentsch and Cie",0,0,1,0,0,0,0,0,0,0,0,0,0
"508","London Asia Capital",1,0,0,0,0,0,0,0,0,0,0,0,0
"509","Longjiang Bank",0,0,1,0,0,0,0,0,0,0,0,0,0
"510","Loreto",0,0,0,0,0,0,0,0,0,0,0,0,1
"511","Low Carbon Cities Initiative",1,0,0,0,0,0,0,0,0,0,0,0,0
"512","M/S Encon Concepts",1,0,0,0,0,0,0,0,0,0,0,0,0
"513","Macedonian Center for Energy Efficiency (MACEF)",1,0,0,0,0,0,0,0,0,0,0,0,0
"514","Madre de Dios",0,0,0,0,0,0,0,0,0,0,0,0,1
"515","Maharashtra Energy Development ency (MEDA)",1,0,0,0,0,0,0,0,0,0,0,0,0
"516","Malaysian Biodiesel Association",0,1,0,0,0,0,0,0,0,0,0,0,0
"517","Maldives",0,0,0,0,0,0,0,0,0,1,0,0,0
"518","Maleya Foundation",0,0,0,0,0,0,0,0,0,0,0,0,1
"519","Mali",0,0,0,0,0,0,0,0,0,1,0,0,0
"520","Mali FolkeCenter",1,1,0,0,0,0,0,0,0,0,0,0,0
"521","Manulife Financial Corporation",0,0,1,0,0,0,0,0,0,0,0,0,0
"522","MAPFRE ",0,0,1,0,0,0,0,0,0,0,0,0,0
"523","Maple Biocombustibles",0,1,0,0,0,0,0,0,0,0,0,0,0
"524","Marks & Spencer",0,0,0,0,0,0,0,0,0,0,0,0,1
"525","Mask Africa Ltd",1,0,0,0,0,0,0,0,0,0,0,0,0
"526","Massachusetts Renewable Energy Trust",1,0,0,0,0,0,0,0,0,0,0,0,0
"527","Mauritania",0,0,0,0,0,0,0,0,0,0,1,0,0
"528","MBP Group",0,1,0,0,0,0,0,0,0,0,0,0,0
"529","McDonalds",0,0,0,0,0,0,0,0,0,0,0,0,1
"530","ME Bank",0,0,1,0,0,0,0,0,0,0,0,0,0
"531","Medibank Private ",0,0,1,0,0,0,0,0,0,0,0,0,0
"532","Mehran Research and Development Society",1,0,0,0,0,0,0,0,0,0,0,0,0
"533","Meister Consultants Group",1,0,0,0,0,0,0,0,0,0,0,0,0
"534","Mellan Australia",1,0,0,0,0,0,0,0,0,0,0,0,0
"535","Met Office",1,0,0,0,0,0,0,0,0,0,0,0,0
"536","Metro Power Company",1,0,0,0,0,0,0,0,0,0,0,0,0
"537","Mexico",1,0,0,0,0,0,0,0,0,1,1,0,1
"538","MicroSave India Private Limited",1,0,0,0,0,0,0,0,0,0,0,0,0
"539","Miller/Howard Investments Inc",0,0,0,0,0,0,0,0,0,0,0,0,1
"540","Ministry of Energy and Coal Industry (Ukraine)",1,0,0,0,0,0,0,0,0,0,0,0,0
"541","Ministry of Energy and Infrastructure (Ontario)",1,0,0,0,0,0,0,0,0,0,0,0,0
"542","Ministry of Energy and Mineral Development (Uganda)",1,0,0,0,0,0,0,0,0,0,0,0,0
"543","Ministry of Energy and Mines (Peru)",1,0,0,0,0,0,0,0,0,0,0,0,0
"544","Ministry of Environment (Czech Republic)",1,0,0,0,0,0,0,0,0,0,0,0,0
"545","Ministry of Infrastructure and the Environment (Netherlands)",0,1,0,0,0,0,0,0,0,0,0,0,0
"546","Mirova (Natixis Asset Manement)",0,0,1,0,0,0,0,0,0,0,0,0,0
"547","Mitcon Consultancy Services",1,0,0,0,0,0,0,0,0,0,0,0,0
"548","Mitsubishi UFJ Trust and Banking Corporation",0,0,1,0,0,0,0,0,0,0,0,0,0
"549","Mitsui Sumitomo Insurance Co.",0,0,1,0,0,0,0,0,0,0,0,0,0
"550","Mizuho Financial Group",0,0,1,0,0,0,0,0,0,0,0,0,0
"551","Mondelez",0,0,0,0,0,0,0,0,0,0,0,0,1
"552","Mongolia",0,0,0,0,0,0,0,0,0,1,0,0,1
"553","Mongolian National Chamber of Commerce and Industry",1,0,0,0,0,0,0,0,0,0,0,0,0
"554","Morocco",0,0,0,0,0,0,0,0,0,1,0,0,0
"555","MOZA BANCO SA",0,0,1,0,0,0,0,0,0,0,0,0,0
"556","MSCI ",0,0,1,0,0,0,0,0,0,0,0,0,0
"557","Munich Re",0,0,1,0,0,0,0,0,0,0,0,0,0
"558","Musim Mas",0,0,0,0,0,0,0,0,0,0,0,0,1
"559","Mutualista Pichincha",0,0,1,0,0,0,0,0,0,0,0,0,0
"560","mySmart Pty",1,0,0,0,0,0,0,0,0,0,0,0,0
"561","Nandan Bio Energies Limited",0,1,0,0,0,0,0,0,0,0,0,0,0
"562","Nandan Biomatrix Limited",0,1,0,0,0,0,0,0,0,0,0,0,0
"563","National Association of State Energy Officials (NASEO)",1,0,0,0,0,0,0,0,0,0,0,0,0
"564","National Australia Bank",1,0,1,0,0,0,0,0,0,0,0,0,0
"565","National Biodiesel Board",0,1,0,0,0,0,0,0,0,0,0,0,0
"566","National Corn Growers Association",0,1,0,0,0,0,0,0,0,0,0,0,0
"567","National ency for Science and Engineering Infrastructure (NASENI)",1,0,0,0,0,0,0,0,0,0,0,0,0
"568","National Lighting Test Centre",0,0,0,0,0,0,0,1,0,0,0,0,0
"569","National Organisation for Development",1,0,0,0,0,0,0,0,0,0,0,0,0
"570","National Planning Commission Secretariat (Nepal)",1,0,0,0,0,0,0,0,0,0,0,0,0
"571","National Renewable Energy Laboratory (NREL)",0,1,0,0,0,0,0,0,0,0,0,0,0
"572","National Union of Plantation and ricultural Workers of Uganda (NUPAWU)",0,1,0,0,0,0,0,0,0,0,0,0,0
"573","National Wildlife Federation",0,1,0,0,0,0,0,0,0,0,0,0,1
"574","Natural Resources Defense Council (NRDC)",0,1,0,0,0,0,0,0,0,0,0,0,1
"575","Nedbank",0,0,1,0,0,0,0,0,0,0,0,0,0
"576","NEDCAP",1,0,0,0,0,0,0,0,0,0,0,0,0
"577","Nepal",1,0,0,0,0,0,0,0,0,0,0,0,1
"578","Nepal Federation of Indigenous Nationalities (NEFIN)",0,0,0,0,0,0,0,0,0,0,0,0,1
"579","Neste Oil Oyj",0,1,0,0,0,0,0,0,0,0,0,0,0
"580","Nestle",0,0,0,0,0,0,0,0,0,0,0,0,1
"581","NETAFIM",1,0,0,0,0,0,0,0,0,0,0,0,0
"582","Netherlands",1,0,0,0,0,0,0,0,1,1,1,0,1
"583","Netherlands Development Finance Company (FMO)",0,0,1,0,0,0,0,0,0,0,0,0,0
"584","New Zealand",1,0,0,0,0,0,0,0,0,1,0,0,0
"585","NGO Coalition for Environment (NGOCE)",0,0,0,0,0,0,0,0,0,0,0,0,1
"586","Niara Conservation Corporation",1,0,0,0,0,0,0,0,0,0,0,0,0
"587","NIFA ELECTRONICS PVT.",1,0,0,0,0,0,0,0,0,0,0,0,0
"588","Nigeria",0,0,0,0,0,0,0,0,0,1,0,0,0
"589","Nigerian Electricity Regulatory Commission",1,0,0,0,0,0,0,0,0,0,0,0,0
"590","Nigerian National Petroleum Corporation",1,0,0,0,0,0,0,0,0,0,0,0,0
"591","Nikko Asset Manement Co. ",0,0,1,0,0,0,0,0,0,0,0,0,0
"592","Nippon Biodiesel Fuel Co.",0,1,0,0,0,0,0,0,0,0,0,0,0
"593","Nollen Group - Prime Energy Investments",1,0,0,0,0,0,0,0,0,0,0,0,0
"594","NORD/LB Norddeutsche Landesbank",0,0,1,0,0,0,0,0,0,0,0,0,0
"595","Nordea",0,0,1,0,0,0,0,0,0,0,0,0,0
"596","NORSK Energi",1,0,0,0,0,0,0,0,0,0,0,0,0
"597","North American Green Power",1,0,0,0,0,0,0,0,0,0,0,0,0
"598","North American Insulation Manufacturers Association",1,0,0,0,0,0,0,0,0,0,0,0,0
"599","North Energy Associates",1,0,0,0,0,0,0,0,0,0,0,0,0
"600","Northern Ireland Authority for Energy Regulation",1,0,0,0,0,0,0,0,0,0,0,0,0
"601","Northern Trust Corporation",0,0,1,0,0,0,0,0,0,0,0,0,0
"602","Norway",1,0,0,0,0,1,0,0,0,1,0,1,1
"603","Novo Banco",0,0,1,0,0,0,0,0,0,0,0,0,0
"604","Novozymes",0,1,0,0,0,0,0,0,0,0,0,0,0
"605","NRW Bank",0,0,1,0,0,0,0,0,0,0,0,0,0
"606","Ocean eXchange Corporation",1,0,0,0,0,0,0,0,0,0,0,0,0
"607","OECO Capital Lebensversicherung ",0,0,1,0,0,0,0,0,0,0,0,0,0
"608","Office of Biofuels_NSW Trade and Investment",0,1,0,0,0,0,0,0,0,0,0,0,0
"609","One Million Lights",1,0,0,0,0,0,0,0,0,0,0,0,0
"610","Optegy Group",1,0,0,0,0,0,0,0,0,0,0,0,0
"611","Oretronics Technology Limited",1,0,0,0,0,0,0,0,0,0,0,0,0
"612","Organisation for Integrated Rural Development",1,0,0,0,0,0,0,0,0,0,0,0,0
"613","Organization of American States (OAS)",1,0,0,0,0,0,0,0,0,0,0,0,0
"614","Orissa Renewable Energy Development ency",1,0,0,0,0,0,0,0,0,0,0,0,0
"615","ORKA NRG ",0,1,0,0,0,0,0,0,0,0,0,0,0
"616","Orkla",0,0,0,0,0,0,0,0,0,0,0,0,1
"617","OSRAM",0,0,0,0,0,0,0,1,0,0,0,0,0
"618","Outreach International Bioenergy",0,1,0,0,0,0,0,0,0,0,0,0,0
"619","Owens Corning",1,0,0,0,0,0,0,0,0,0,0,0,0
"620","Packes Limited",1,0,0,0,0,0,0,0,0,0,0,0,0
"621","Palestinian Energy and Environment Research Centre",1,0,0,0,0,0,0,0,0,0,0,0,0
"622","Partner for Sure",1,0,0,0,0,0,0,0,0,0,0,0,0
"623","Partners for Euro-African Green Energy",0,1,0,0,0,0,0,0,0,0,0,0,0
"624","Paruay",0,0,0,0,0,0,0,0,0,0,1,0,0
"625","PATNET-AFRICA",1,0,0,0,0,0,0,0,0,0,0,0,0
"626","Pax World Management Corp.",0,0,1,0,0,0,0,0,0,0,0,0,0
"627","Peak Reinsurance Company Limited",0,0,1,0,0,0,0,0,0,0,0,0,0
"628","PEFC International",0,0,0,0,0,0,0,0,0,0,0,0,1
"629","Pembina Institute",1,0,0,0,0,0,0,0,0,0,0,0,0
"630","Permian Global",0,0,0,0,0,0,0,0,0,0,0,0,1
"631","Peru",0,0,0,0,0,0,0,0,0,1,0,0,1
"632","Petrobras SA",0,1,0,0,0,0,0,0,0,0,0,0,0
"633","PGF Biofuels",0,1,0,0,0,0,0,0,0,0,0,0,0
"634","Philippine Network of Rural Development Institutes (PhilNet-RDI)",0,1,0,0,0,0,0,0,0,0,0,0,0
"635","Philippine Rural Reconstruction Movement (PRRM)",0,0,0,0,0,0,0,0,0,0,0,0,1
"636","Philippines",1,0,0,0,0,0,0,0,0,0,0,0,1
"637","Philips Lighting",0,0,0,0,0,0,0,1,0,0,0,0,0
"638","Pick n Pay",0,0,0,0,0,0,0,0,0,0,0,0,1
"639","Ping An Bank",0,0,1,0,0,0,0,0,0,0,0,0,0
"640","Piraeus Bank ",0,0,1,0,0,0,0,0,0,0,0,0,0
"641","Planters Energy Network",1,0,0,0,0,0,0,0,0,0,0,0,0
"642","Poland",0,0,0,0,0,0,0,0,0,1,0,0,0
"643","Policy Solutions",1,0,0,0,0,0,0,0,0,0,0,0,0
"644","Pollution Probe",1,0,0,0,0,0,0,0,0,0,0,0,0
"645","Porto Seguro ",0,0,1,0,0,0,0,0,0,0,0,0,0
"646","POSITRON ENERGY PRIVATE LIMITED",1,0,0,0,0,0,0,0,0,0,0,0,0
"647","Power Planning Associates",1,0,0,0,0,0,0,0,0,0,0,0,0
"648","Poyry Energy",1,0,0,0,0,0,0,0,0,0,0,0,0
"649","Procter & Gamble",0,0,0,0,0,0,0,0,0,0,0,0,1
"650","ProForest",0,1,0,0,0,0,0,0,0,0,0,0,0
"651","Programme on Forests (PROFOR) ",0,0,0,0,0,0,0,0,1,0,0,0,0
"652","Projectioneering",1,0,0,0,0,0,0,0,0,0,0,0,0
"653","Prokaushali Sangsad Limited (PSL)",1,0,0,0,0,0,0,0,0,0,0,0,0
"654","Pronatura Sur",0,0,0,0,0,0,0,0,0,0,0,0,1
"655","Prudential",0,0,1,0,0,0,0,0,0,0,0,0,0
"656","PSG College of Technology and Polytechnic College",1,0,0,0,0,0,0,0,0,0,0,0,0
"657","PT Bank Negara Indonesia (Persero) Tbk",0,0,1,0,0,0,0,0,0,0,0,0,0
"658","PT Gikoko Kogyo Indonesia",1,0,0,0,0,0,0,0,0,0,0,0,0
"659","PT Rimba Makmur Utama",0,0,0,0,0,0,0,0,0,0,0,0,1
"660","Public-Private Alliance Foundation",0,1,0,0,0,0,0,0,0,0,0,0,0
"661","QBE Insurance Group ",0,0,1,0,0,0,0,0,0,0,0,0,0
"662","Qingdao Tianren Environmental Engineering Co. (China)",1,0,0,0,0,0,0,0,0,0,0,0,0
"663","Quintana Roo",0,0,0,0,0,0,0,0,0,0,0,0,1
"664","Rabobank",0,0,1,0,0,0,0,0,0,0,0,0,0
"665","Raiffeisen Zentralbank Austria ",0,0,1,0,0,0,0,0,0,0,0,0,0
"666","Rain City Strategies ",1,0,0,0,0,0,0,0,0,0,0,0,0
"667","Rainforest Alliance",0,0,0,0,0,0,0,0,0,0,0,0,1
"668","Rajasthan Renewable Energy Corporation",1,0,0,0,0,0,0,0,0,0,0,0,0
"669","RAMP Carbon",1,0,0,0,0,0,0,0,0,0,0,0,0
"670","Rare",0,0,0,0,0,0,0,0,0,0,0,0,1
"671","RCEE Vietnam",1,0,0,0,0,0,0,0,0,0,0,0,0
"672","RECOFTC – The Centre for People and Forests",0,0,0,0,0,0,0,0,0,0,0,0,1
"673","Redemption Research for Health and Educational Development Society (RRHEDS)",1,0,0,0,0,0,0,0,0,0,0,0,0
"674","ReEx Capital Asia                                      ",1,0,0,0,0,0,0,0,0,0,0,0,0
"675","Reforestamos Mexico",0,0,0,0,0,0,0,0,0,0,0,0,1
"676","Regulatory Assistance Project",1,0,0,1,0,0,0,0,0,0,0,0,0
"677","Renew the Earth",1,0,0,0,0,0,0,0,0,0,0,0,0
"678","Renewable Cogen Asia",1,0,0,0,0,0,0,0,0,0,0,0,0
"679","Renewable Energy and Energy Efficiency Institute",1,0,0,0,0,0,0,0,0,0,0,0,0
"680","Renewable Energy and riculture Development Foundation (READ)",1,0,0,0,0,0,0,0,0,0,0,0,0
"681","Renewable Energy International Law Project (REIL)",1,0,0,0,0,0,0,0,0,0,0,0,0
"682","Renewable Energy Nongovernmental Organization Network (RENOVE) (Brazil)",1,0,0,0,0,0,0,0,0,0,0,0,0
"683","Renewable Energy Ventures (K)",1,0,0,0,0,0,0,0,0,0,0,0,0
"684","Renewables Academy ",1,0,0,0,0,0,0,0,0,0,0,0,0
"685","Research on Innovative and Appropriate Technology for sustainable Development",1,0,0,0,0,0,0,0,0,0,0,0,0
"686","RINERGY",1,0,0,0,0,0,0,0,0,0,0,0,0
"687","Risk Management Solutions",0,0,1,0,0,0,0,0,0,0,0,0,0
"688","roils",1,0,0,0,0,0,0,0,0,0,0,0,0
"689","Romania",1,0,0,0,0,0,0,0,0,0,0,0,0
"690","Royal Ahold",0,0,0,0,0,0,0,0,0,0,0,0,1
"691","Royal and SunAlliance",0,0,1,0,0,0,0,0,0,0,0,0,0
"692","Royal Bank of Canada",0,0,1,0,0,0,0,0,0,0,0,0,0
"693","Royal Bank of Scotland Group",0,0,1,0,0,0,0,0,0,0,0,0,0
"694","Royal Dutch Shell (Shell International Petroleum Limited)",0,1,0,0,0,0,0,0,0,0,0,0,0
"695","Royal Society for the Protection of Birds",0,0,0,0,0,0,0,0,0,0,0,0,1
"696","RR Energy",1,0,0,0,0,0,0,0,0,0,0,0,0
"697","Rural Amazonian Promotion and Development Center (CEPODRA)",0,1,0,0,0,0,0,0,0,0,0,0,0
"698","Rural Development Institute of Sultan Kudarat",0,1,0,0,0,0,0,0,0,0,0,0,0
"699","Russia",0,0,0,0,0,0,0,0,0,1,1,0,0
"700","Saint Lucia",1,0,0,0,0,0,0,0,0,0,0,0,0
"701","Samsung Fire and Marine Insurance",0,0,1,0,0,0,0,0,0,0,0,0,0
"702","San Martin",0,0,0,0,0,0,0,0,0,0,0,0,1
"703","Santam Limited",0,0,1,0,0,0,0,0,0,0,0,0,0
"704","SC Johnson",0,0,0,0,0,0,0,0,0,0,0,0,1
"705","Schatz Energy Research Center of Humboldt University",0,1,0,0,0,0,0,0,0,0,0,0,0
"706","SCOR SE",0,0,1,0,0,0,0,0,0,0,0,0,0
"707","Scotiabank (Bank of Nova Scotia)",0,0,1,0,0,0,0,0,0,0,0,0,0
"708","Seacon Energy and Biotech",1,0,0,0,0,0,0,0,0,0,0,0,0
"709","Seguradora Lider DPVAT",0,0,1,0,0,0,0,0,0,0,0,0,0
"710","Senegal",1,0,0,0,0,0,0,0,0,0,0,0,0
"711","SERVOMAX INDIA LIMITED",1,0,0,0,0,0,0,0,0,0,0,0,0
"712","SG Biofuels",0,1,0,0,0,0,0,0,0,0,0,0,0
"713","Shakti Sustainable Energy Program",0,0,0,1,0,0,0,0,0,0,0,0,0
"714","Shenzhen Energy-Saving Association",1,0,0,0,0,0,0,0,0,0,0,0,0
"715","Shimshon Renewables",1,0,0,0,0,0,0,0,0,0,0,0,0
"716","Shinhan Bank",0,0,1,0,0,0,0,0,0,0,0,0,0
"717","Shoalhaven Starches Pty Ltd (Manildra Group of Companies)",0,1,0,0,0,0,0,0,0,0,0,0,0
"718","Sierra Club",0,1,0,0,0,0,0,0,0,0,0,0,1
"719","Sime Darby",0,0,0,0,0,0,0,0,0,0,0,0,1
"720","Simpa Networks",1,0,0,0,0,0,0,0,0,0,0,0,0
"721","Singapore",1,0,0,0,0,0,0,0,0,0,0,0,0
"722","Skandinaviska Enskilda Banken (SEB)",0,0,1,0,0,0,0,0,0,0,0,0,0
"723","Skye Bank ",0,0,1,0,0,0,0,0,0,0,0,0,0
"724","SkyNRG",0,1,0,0,0,0,0,0,0,0,0,0,0
"725","Slovakia",1,0,0,0,0,0,0,0,0,0,0,0,0
"726","Sobeys",0,0,0,0,0,0,0,0,0,0,0,0,1
"727","Social and Education Development Association",1,0,0,0,0,0,0,0,0,0,0,0,0
"728","Société Générale",0,0,1,0,0,0,0,0,0,0,0,0,0
"729","Society of Energy Engineers and Maners",1,0,0,0,0,0,0,0,0,0,0,0,0
"730","Solaire Energy Systems",1,0,0,0,0,0,0,0,0,0,0,0,0
"731","Solar-Gem",1,0,0,0,0,0,0,0,0,0,0,0,0
"732","Solar Charger and Mobile Computing (SOCO)",1,0,0,0,0,0,0,0,0,0,0,0,0
"733","Solar Energy for Africa",1,0,0,0,0,0,0,0,0,0,0,0,0
"734","SolarAid",1,0,0,0,0,0,0,0,0,0,0,0,0
"735","Solazyme",0,1,0,0,0,0,0,0,0,0,0,0,0
"736","SOLEN TECHNOLOGY",1,0,0,0,0,0,0,0,0,0,0,0,0
"737","Solena Fuels",0,1,0,0,0,0,0,0,0,0,0,0,0
"738","Solidaridad Network",0,0,0,0,0,0,0,0,0,0,0,0,1
"739","Solomon Islands",1,0,0,0,0,0,0,0,0,0,0,0,0
"740","Sompo Japan Nipponkoa Insurance ",0,0,1,0,0,0,0,0,0,0,0,0,0
"741","SOS Energie Burkina Faso",1,0,0,0,0,0,0,0,0,0,0,0,0
"742","South Africa",1,0,0,0,0,0,0,0,1,0,0,0,0
"743","South African National Energy Development Institute (SANEDI)",0,0,0,0,0,0,0,0,0,0,0,1,0
"744","South Korea",1,0,0,0,0,0,0,0,0,1,0,0,1
"745","Spain",1,0,0,0,0,0,0,0,0,0,1,1,0
"746","Sri",0,1,0,0,0,0,0,0,0,0,0,0,0
"747","Sri Lanka",1,0,0,0,0,0,0,0,0,0,0,0,0
"748","Standard Bank",0,0,1,0,0,0,0,0,0,0,0,0,0
"749","Standard Chartered",0,0,1,0,0,0,0,0,0,0,0,0,0
"750","Stanford University – Sustainable Bioenergy Project_Woods Institute for the Environment",0,1,0,0,0,0,0,0,0,0,0,0,0
"751","State Corporation - Bank for Development and Foreign Economic Affairs (Vnesheconombank)",0,0,1,0,0,0,0,0,0,0,0,0,0
"752","State Street Corporation",0,0,1,0,0,0,0,0,0,0,0,0,0
"753","STEELHACKS INDUSTRIES",1,0,0,0,0,0,0,0,0,0,0,0,0
"754","Storebrand",0,0,1,0,0,0,0,0,0,0,0,0,0
"755","Sucre Ethique",0,1,0,0,0,0,0,0,0,0,0,0,0
"756","Sudameris Bank E.C.A.",0,0,1,0,0,0,0,0,0,0,0,0,0
"757","Sudan",0,0,0,0,0,0,0,0,0,0,1,0,0
"758","SulAmérica",0,0,1,0,0,0,0,0,0,0,0,0,0
"759","Sumitomo Mitsui Financial Group",0,0,1,0,0,0,0,0,0,0,0,0,0
"760","Sumitomo Mitsui Trust Holdings",0,0,1,0,0,0,0,0,0,0,0,0,0
"761","Summerhill Group",1,0,0,0,0,0,0,0,0,0,0,0,0
"762","Sun Biofuels",0,1,0,0,0,0,0,0,0,0,0,0,0
"763","Sun Life Financial ",0,0,1,0,0,0,0,0,0,0,0,0,0
"764","Sustainability for Seychelles",1,0,0,0,0,0,0,0,0,0,0,0,0
"765","Sustainable Aviation Fuel Users Group (SAFUG)",0,1,0,0,0,0,0,0,0,0,0,0,0
"766","Sustainable Development Policy Institute (SDPI)",0,0,0,0,0,0,0,0,0,0,0,0,1
"767","Sustainable Energy Africa",1,0,0,0,0,0,0,0,0,0,0,0,0
"768","Sustainable Energy Partners",1,0,0,0,0,0,0,0,0,0,0,0,0
"769","Sustainable for Environment and Climate Change Association (SECCA)",0,1,0,0,0,0,0,0,0,0,0,0,0
"770","Sustainable Forestry Initiative (SFI)",0,1,0,0,0,0,0,0,0,0,0,0,0
"771","Sustainable roenergy",0,1,0,0,0,0,0,0,0,0,0,0,0
"772","Sustainable Rural Growth and Development Initiative",0,1,0,0,0,0,0,0,0,0,0,0,0
"773","SustainAsia",1,0,0,0,0,0,0,0,0,0,0,0,0
"774","Svenska Handelsbanken",0,0,1,0,0,0,0,0,0,0,0,0,0
"775","Swedbank AB",0,0,1,0,0,0,0,0,0,0,0,0,0
"776","Sweden",0,0,0,0,0,0,0,0,0,1,1,0,0
"777","Swiss Federal Office of Energy",0,1,0,0,0,0,0,0,0,0,0,0,0
"778","Swiss Federal Office of Environment (FOEN)",0,1,0,0,0,0,0,0,0,0,0,0,0
"779","Swiss International Air Lines",0,1,0,0,0,0,0,0,0,0,0,0,0
"780","Swiss Re",0,0,1,0,0,0,0,0,0,0,0,0,0
"781","Switzerland",1,0,0,0,0,0,0,0,1,1,1,0,0
"782","Tabasco",0,0,0,0,0,0,0,0,0,0,0,0,1
"783","TAL",0,0,1,0,0,0,0,0,0,0,0,0,0
"784","Tanzania",0,0,0,0,0,0,0,0,0,0,1,0,0
"785","Tanzania Renewable Energy Association",1,0,0,0,0,0,0,0,0,0,0,0,0
"786","TATHASTU Corporation",1,0,0,0,0,0,0,0,0,0,0,0,0
"787","Tebtebba (Indigenous Peoples’ International Centre for Policy Research and Education) Asia Indigenous",0,0,0,0,0,0,0,0,0,0,0,0,1
"788","TEMPORIS CAPITAL LLP",0,0,1,0,0,0,0,0,0,0,0,0,0
"789","Terra Brasis Resseguros ",0,0,1,0,0,0,0,0,0,0,0,0,0
"790","The Andhyodaya",1,0,0,0,0,0,0,0,0,0,0,0,0
"791","The Bank of Tokyo-Mitsubishi UFJ",0,0,1,0,0,0,0,0,0,0,0,0,0
"792","The Center For Sustainable Energy Farming",0,1,0,0,0,0,0,0,0,0,0,0,0
"793","The Chiba Bank",0,0,1,0,0,0,0,0,0,0,0,0,0
"794","The Civil Society Biofuels Forum",0,1,0,0,0,0,0,0,0,0,0,0,0
"795","The Clean Energy Company",1,0,0,0,0,0,0,0,0,0,0,0,0
"796","The Co-operators Group Limited",0,0,1,0,0,0,0,0,0,0,0,0,0
"797","The EIC Environmental Investment Network",1,0,0,0,0,0,0,0,0,0,0,0,0
"798","The Energy and Resources Institute (TERI)",1,1,0,0,0,0,0,0,0,0,0,1,1
"799","The Energy Foundation",0,0,0,1,0,0,0,0,0,0,0,0,0
"800","The Export-Import Bank of Korea",0,0,1,0,0,0,0,0,0,0,0,0,0
"801","The Foundation for Development Cooperation",1,0,0,0,0,0,0,0,0,0,0,0,0
"802","The Gold Standard Foundation",0,1,0,0,0,0,0,0,0,0,0,0,0
"803","The Indigenous Peoples Foundation for Education and Environment",0,0,0,0,0,0,0,0,0,0,0,0,1
"804","The International Union for the Conservation of Nature (IUCN)",0,0,0,0,0,0,0,0,1,0,0,0,1
"805","The Link REIT",0,0,1,0,0,0,0,0,0,0,0,0,0
"806","The National Non-Food Crops Centre (NNFCC)",0,1,0,0,0,0,0,0,0,0,0,0,0
"807","The Nature Conservancy",0,0,0,0,0,0,0,0,0,0,0,0,1
"808","The Regional Environmental Center for Central and Eastern Europe",1,0,0,0,0,0,0,0,0,0,0,0,0
"809","The Royal Society",1,0,0,0,0,0,0,0,0,0,0,0,0
"810","The Shiga Bank",0,0,1,0,0,0,0,0,0,0,0,0,0
"811","The Small-Scale Sustainable Infrastructure Development Fund (S3IDF)",1,0,0,0,0,0,0,0,0,0,0,0,0
"812","The Sustainable Trade Initiative (IDH)",0,0,0,0,0,0,0,0,0,0,0,0,1
"813","Themvu Projects Manement and Resources",1,0,0,0,0,0,0,0,0,0,0,0,0
"814","ThomasLloyd Group Ltd",0,0,1,0,0,0,0,0,0,0,0,0,0
"815","Thomson Reuters Point Carbon Advisory",1,0,0,0,0,0,0,0,0,0,0,0,0
"816","TISCO Financial Group Public Company Limited",0,0,1,0,0,0,0,0,0,0,0,0,0
"817","TMB-Energietechnik",1,0,0,0,0,0,0,0,0,0,0,0,0
"818","Togo",0,0,0,0,0,0,0,0,0,1,0,0,1
"819","Tokio Marine and Nichido Fire Insurance Co.",0,0,1,0,0,0,0,0,0,0,0,0,0
"820","Tonga",1,0,0,0,0,0,0,0,0,0,0,0,0
"821","Toronto Dominion Bank",0,0,1,0,0,0,0,0,0,0,0,0,0
"822","Trillium Asset Management",0,0,1,0,0,0,0,0,0,0,0,0,1
"823","Triodos Bank NV",0,0,1,0,0,0,0,0,0,0,0,0,0
"824","Tropenbos International",0,0,0,0,0,0,0,0,1,0,0,0,0
"825","Trowel Development Foundation",0,1,0,0,0,0,0,0,0,0,0,0,0
"826","Tunisia",1,0,0,0,0,0,0,0,0,0,0,0,0
"827","Turkiye Sinai Kalkinma Bankasi (TSKB)",0,0,1,0,0,0,0,0,0,0,0,0,0
"828","Tuvalu",1,0,0,0,0,0,0,0,0,0,0,0,0
"829","U.S. Commercial Service Liaison to African Development Bank",0,1,0,0,0,0,0,0,0,0,0,0,0
"830","U.S. ENERGY ENGINEERS",1,0,0,0,0,0,0,0,0,0,0,0,0
"831","UBS ",0,0,1,0,0,0,0,0,0,0,0,0,0
"832","Ucayali",0,0,0,0,0,0,0,0,0,0,0,0,1
"833","Uganda",0,0,0,0,0,0,0,0,0,0,0,1,0
"834","UmweltBank ",0,0,1,0,0,0,0,0,0,0,0,0,0
"835","UniCredit",0,0,1,0,0,0,0,0,0,0,0,0,0
"836","Unilever",0,0,0,0,0,0,0,0,0,0,0,0,1
"837","Union of Concerned Scientists",0,0,0,0,0,0,0,0,0,0,0,0,1
"838","United Arab Emirates",0,0,0,0,0,0,0,0,0,0,0,1,0
"839","United Kingdom",1,0,0,0,0,0,0,0,1,1,1,1,1
"840","United Nations Conference on Trade and Development (UNCTAD)",0,1,0,0,0,0,0,0,0,0,1,0,0
"841","United Nations Department of Economic and Social Affairs (UN/DESA)",0,0,0,0,0,0,0,0,0,0,1,0,0
"842","United Nations Development Programme (UNDP)",0,0,0,0,0,0,0,0,0,0,1,1,0
"843","United Nations Environment Programme - World Conservation Monitoring Center (UNEP-WCMC)",0,0,0,0,0,0,0,0,1,0,0,0,0
"844","United Nations Environment Programme (UNEP)",1,1,0,0,0,0,0,1,0,0,1,1,0
"845","United Nations Forum on Forests (UNFF)",0,0,0,0,0,0,0,0,1,0,0,0,0
"846","United Nations Foundation (UNF)",1,1,0,0,0,0,0,0,0,0,1,0,0
"847","United Nations Industrial Development Organization (UNIDO)",1,0,0,0,0,0,0,0,0,0,1,1,0
"848","United Soybean Board",0,1,0,0,0,0,0,0,0,0,0,0,0
"849","United States",1,0,0,0,0,0,0,0,1,1,1,0,1
"850","University of California_Berkeley",0,1,0,0,0,0,0,0,0,0,0,0,0
"851","University of Rome",1,0,0,0,0,0,0,0,0,0,0,0,0
"852","University of Sussex",1,0,0,0,0,0,0,0,0,0,0,0,0
"853","VA Tech Finance",1,0,0,0,0,0,0,0,0,0,0,0,0
"854","Vanuatu",1,0,0,0,0,0,0,0,0,0,0,0,0
"855","Verified Carbon Standard (VCS)",0,0,0,0,0,0,0,0,0,0,0,0,1
"856","VerySol",1,0,0,0,0,0,0,0,0,0,0,0,0
"857","Via Expo",1,0,0,0,0,0,0,0,0,0,0,0,0
"858","VICAPITAL",1,0,0,0,0,0,0,0,0,0,0,0,0
"859","VicSuper Pty Ltd",0,0,1,0,0,0,0,0,0,0,0,0,0
"860","Viet Nam",0,0,0,0,0,0,0,0,0,0,0,0,1
"861","Vinay Chand Associates",1,0,0,0,0,0,0,0,0,0,0,0,0
"862","VING Consulting and Engineering",1,0,0,0,0,0,0,0,0,0,0,0,0
"863","Visión banco SAECA",0,0,1,0,0,0,0,0,0,0,0,0,0
"864","VNV Advisory Services",1,0,0,0,0,0,0,0,0,0,0,0,0
"865","Walmart",0,0,0,0,0,0,0,0,0,0,0,0,1
"866","WBREDA",1,0,0,0,0,0,0,0,0,0,0,0,0
"867","Weningen University and Research",0,0,0,0,0,0,0,0,1,0,0,0,0
"868","WENTZEL Environmental Contracting",1,0,0,0,0,0,0,0,0,0,0,0,0
"869","West Kalimantan",0,0,0,0,0,0,0,0,0,0,0,0,1
"870","Westpac",0,0,0,0,0,0,0,0,0,0,0,0,1
"871","Westpac Banking Corporation",0,0,1,0,0,0,0,0,0,0,0,0,0
"872","Wetlands International",0,1,0,0,0,0,0,0,0,0,0,0,1
"873","Wilmar International",0,0,0,0,0,0,0,0,0,0,0,0,1
"874","Winrock International",1,0,0,0,0,0,0,0,0,0,0,0,0
"875","Winrock International India",1,0,0,0,0,0,0,0,0,0,0,0,0
"876","Winsome Resources",1,0,0,0,0,0,0,0,0,0,0,0,0
"877","Wisteria Energy (SMC-Private)",1,0,0,0,0,0,0,0,0,0,0,0,0
"878","Women and Youth Survival Foundation Programme",1,0,0,0,0,0,0,0,0,0,0,0,0
"879","Women Organizing for Change in riculture and Natural Resource Manement (WOCAN)",0,0,0,0,0,0,0,0,0,0,0,0,1
"880","Woods Hole Research Center",0,0,0,0,0,0,0,0,0,0,0,0,1
"881","World Agroforestry Center (ICRAF) ",0,0,0,0,0,0,0,0,1,0,0,0,0
"882","World Alliance for Decentralized Energy (WADE)",1,0,0,0,0,0,0,0,0,0,0,0,0
"883","World Bank",0,0,0,0,0,0,0,0,1,0,0,1,0
"884","World Bioenergy Association (WBA)",0,0,0,0,0,0,0,0,0,0,0,1,0
"885","World Class Technologies",1,0,0,0,0,0,0,0,0,0,0,0,0
"886","World Council for Renewable Energy (WCRE)",0,0,0,0,0,0,0,0,0,0,1,1,0
"887","World Council for Renewable Energy / Asia Pacific",1,0,0,0,0,0,0,0,0,0,0,0,0
"888","World Future Council Foundation",1,0,0,0,0,0,0,0,0,0,0,0,0
"889","World Resources Institute (WRI)",1,0,0,0,0,0,0,0,1,0,0,1,1
"890","World Wildlife Fund (WWF)",1,1,0,0,0,0,0,0,1,0,0,1,1
"891","World Wind Energy Association (WWEA)",0,0,0,0,0,0,0,0,0,0,0,1,0
"892","Worldwatch Institute",1,0,0,0,0,0,0,0,0,0,0,0,0
"893","XDX Australia Pty Ltd",1,0,0,0,0,0,0,0,0,0,0,0,0
"894","XL Group",0,0,1,0,0,0,0,0,0,0,0,0,0
"895","Yemen",1,0,0,0,0,0,0,0,0,0,0,0,0
"896","YES BANK Limited",0,0,1,0,0,0,0,0,0,0,0,0,0
"897","Yucatan",0,0,0,0,0,0,0,0,0,0,0,0,1
"898","Yves Rocher Foundation-Institut de France",0,0,0,0,0,0,0,0,0,0,0,0,1
"899","Yves Rocher Group",0,0,0,0,0,0,0,0,0,0,0,0,1
"900","Zenith Bank ",0,0,1,0,0,0,0,0,0,0,0,0,0
"901","Zürcher Kantonalbank",0,0,1,0,0,0,0,0,0,0,0,0,0
"902","Zwitserleven (SRLEV)",0,0,1,0,0,0,0,0,0,0,0,0,0
